FileName;Char ID #1;Char ID #2;Section #1;Section #2;Section #3;Section #4;Section #5
unnamed_1.bin;OK1_;00A_;SCNF;MDC7;FACE
unnamed_1001.bin;MMC_;MMC_;SCNF;MDC7;FACE;CLSG
unnamed_1003.bin;MN0_;MN0_;SCNF;MDC7;FACE
unnamed_1005.bin;MN2_;MN2_;SCNF;MDC7;FACE;CLSG
unnamed_1007.bin;MN4_;MN4_;SCNF;MDC7;FACE
unnamed_1009.bin;MN5_;MN5_;SCNF;MDC7;FACE;CLSG
unnamed_101.bin;OJ9_;06E_;SCNF;MDC7;FACE
unnamed_1011.bin;MN6_;MN6_;SCNF;MDC7;FACE;CLSG
unnamed_103.bin;OB7_;06F_;SCNF;MDC7;FACE
unnamed_1033.bin;MOE_;MOE_;SCNF;MDC7;FACE;CLSG
unnamed_1043.bin;MYG_;MYG_;SCNF;MDC7;FACE;CLSG
unnamed_1045.bin;MYH_;MYH_;SCNF;MDC7;FACE
unnamed_1047.bin;MYS_;MYS_;SCNF;MDC7;FACE
unnamed_1049.bin;MYU_;MYU_;SCNF;MDC7;FACE;CLSG
unnamed_105.bin;GF7_;06G_;SCNF;MDC7;FACE
unnamed_1051.bin;NIR_;NIR_;SCNF;MDC7;FACE;CLSG
unnamed_1055.bin;NOL_;NOL_;SCNF;MDC7;FACE;CLSG
unnamed_1057.bin;OD1_;OD1_;SCNF;MDC7;FACE
unnamed_107.bin;BA7_;06H_;SCNF;MDC7;FACE
unnamed_1077.bin;ONK_;ONK_;SCNF;MDC7;FACE
unnamed_109.bin;CM4_;07A_;SCNF;MDC7;FACE
unnamed_11.bin;OB7_;00F_;SCNF;MDC7;FACE
unnamed_111.bin;JN8_;07C_;SCNF;MDC7;FACE
unnamed_113.bin;CC8_;07D_;SCNF;MDC7;FACE
unnamed_1131.bin;QLN_;QLN_;SCNF;MDC7;FACE;CLSG
unnamed_1135.bin;RCD_;RCD_;SCNF;MDC7;FACE;CLSG
unnamed_1137.bin;RCN_;RCN_;SCNF;MDC7;FACE;CLSG
unnamed_1139.bin;RE1_;RE1_;SCNF;MDC7;FACE
unnamed_1147.bin;RIN_;RIN_;SCNF;MDC7;FACE;CLSG
unnamed_1149.bin;RKI_;RKI_;SCNF;MDC7;FACE;CLSG
unnamed_115.bin;OM2_;07E_;SCNF;MDC7;FACE
unnamed_1153.bin;RKU_;RKU_;SCNF;MDC7;FACE
unnamed_1155.bin;RNC_;RNC_;SCNF;MDC7;FACE;CLSG
unnamed_1163.bin;RRI_;RRI_;SCNF;MDC7;FACE;CLSG
unnamed_1169.bin;RYU_;RYU_;SCNF;MDC7;FACE;CLSG
unnamed_117.bin;OB8_;07F_;SCNF;MDC7;FACE
unnamed_119.bin;GF8_;07G_;SCNF;MDC7;FACE
unnamed_1203.bin;SAG_;SAG_;SCNF;MDC7;FACE;CLSG
unnamed_1205.bin;SAI_;SAI_;SCNF;MDC7;FACE;CLSG
unnamed_1209.bin;SAR_;SAR_;SCNF;MDC7;FACE;CLSG
unnamed_121.bin;BA8_;07H_;SCNF;MDC7;FACE
unnamed_1211.bin;SAY_;SAY_;SCNF;MDC7;FACE
unnamed_1217.bin;SCH_;SCH_;SCNF;MDC7;FACE
unnamed_1219.bin;SCN_;SCN_;SCNF;MDC7;FACE;CLSG
unnamed_1223.bin;SD1_;SD1_;SCNF;MDC7;FACE;CLSG
unnamed_123.bin;CM5_;08A_;SCNF;MDC7;FACE
unnamed_1231.bin;SDN_;SDN_;SCNF;MDC7;FACE;CLSG
unnamed_1235.bin;SEG_;SEG_;SCNF;MDC7;FACE
unnamed_1241.bin;SF2_;SF2_;SCNF;MDC7;FACE;CLSG
unnamed_125.bin;JN9_;08C_;SCNF;MDC7;FACE
unnamed_1257.bin;SHC_;SHC_;SCNF;MDC7;FACE;CLSG
unnamed_1263.bin;SHO_;SHO_;SCNF;MDC7;FACE
unnamed_1265.bin;SHU_;SHU_;SCNF;MDC7;FACE;CLSG
unnamed_127.bin;CC9_;08D_;SCNF;MDC7;FACE
unnamed_1273.bin;SIS_;SIS_;SCNF;MDC7;FACE
unnamed_1275.bin;SIZ_;SIZ_;SCNF;MDC7;FACE;CLSG
unnamed_1279.bin;SKH_;SKH_;SCNF;MDC7;FACE;CLSG
unnamed_1281.bin;SKI_;SKI_;SCNF;MDC7;FACE
unnamed_1283.bin;SKK_;SKK_;SCNF;MDC7;FACE
unnamed_1285.bin;SMU_;SMU_;SCNF;MDC7;FACE
unnamed_129.bin;KD2_;08E_;SCNF;MDC7;FACE;CLSG
unnamed_1291.bin;SNK_;SNK_;SCNF;MDC7;FACE;CLSG
unnamed_1295.bin;SNN_;SNN_;SCNF;MDC7;FACE
unnamed_1299.bin;SNS_;SNS_;SCNF;MDC7;FACE
unnamed_13.bin;JI1_;00G_;SCNF;MDC7;FACE
unnamed_1301.bin;SOG_;SOG_;SCNF;MDC7;FACE;CLSG
unnamed_1303.bin;SOK_;SOK_;SCNF;MDC7;FACE;CLSG
unnamed_1307.bin;SOS_;SOS_;SCNF;MDC7;FACE;CLSG
unnamed_131.bin;OB9_;08F_;SCNF;MDC7;FACE
unnamed_1313.bin;SSA_;SSA_;SCNF;MDC7;FACE
unnamed_1317.bin;YARI;SSY_;SCNF;MDC7;FACE;MDP7
unnamed_1319.bin;SUU_;SUU_;SCNF;MDC7;FACE;CLSG
unnamed_1323.bin;SYA_;SYA_;SCNF;MDC7;FACE;CLSG
unnamed_1325.bin;SYB_;SYB_;SCNF;MDC7;FACE
unnamed_1327.bin;SYC_;SYC_;SCNF;MDC7;FACE;CLSG
unnamed_133.bin;JI9_;08G_;SCNF;MDC7;FACE
unnamed_1331.bin;SYE_;SYE_;SCNF;MDC7;FACE;CLSG
unnamed_1333.bin;SYG_;SYG_;SCNF;MDC7;FACE;CLSG
unnamed_1337.bin;SYK_;SYK_;SCNF;MDC7;FACE;CLSG
unnamed_1339.bin;SYM_;SYM_;SCNF;MDC7;FACE;CLSG
unnamed_1341.bin;SYN_;SYN_;SCNF;MDC7;FACE
unnamed_1349.bin;SYR_;SYR_;SCNF;MDC7;FACE;CLSG
unnamed_135.bin;GM9_;08H_;SCNF;MDC7;FACE
unnamed_1351.bin;SYS_;SYS_;SCNF;MDC7;FACE;CLSG
unnamed_1353.bin;SYT_;SYT_;SCNF;MDC7;FACE
unnamed_1357.bin;SYY_;SYY_;SCNF;MDC7;FACE
unnamed_1359.bin;SZY_;SZY_;SCNF;MDC7;FACE
unnamed_1363.bin;TB1_;TB1_;SCNF;MDC7;FACE
unnamed_1367.bin;TB5_;TB5_;SCNF;MDC7;FACE;CLSG
unnamed_1369.bin;TDY_;TDY_;SCNF;MDC7;FACE;CLSG
unnamed_137.bin;CM6_;09A_;SCNF;MDC7;FACE;CLSG
unnamed_1371.bin;TEI_;TEI_;SCNF;MDC7;FACE;CLSG
unnamed_1373.bin;TEN_;TEN_;SCNF;MDC7;FACE
unnamed_1381.bin;THJ_;THJ_;SCNF;MDC7;FACE
unnamed_1383.bin;TJN_;TJN_;SCNF;MDC7;FACE;CLSG
unnamed_1385.bin;TKC_;TKC_;SCNF;MDC7;FACE
unnamed_1387.bin;TKJ_;TKJ_;SCNF;MDC7;FACE
unnamed_1389.bin;TKM_;TKM_;SCNF;MDC7;FACE;CLSG
unnamed_139.bin;JNA_;09C_;SCNF;MDC7;FACE
unnamed_1393.bin;TKR_;TKR_;SCNF;MDC7;FACE
unnamed_1395.bin;TLA_;TLA_;SCNF;MDC7;FACE
unnamed_1397.bin;TLB_;TLB_;SCNF;MDC7;FACE
unnamed_1399.bin;TLC_;TLC_;SCNF;MDC7;FACE;CLSG
unnamed_1401.bin;TLD_;TLD_;SCNF;MDC7;FACE;CLSG
unnamed_1403.bin;TMY_;TMY_;SCNF;MDC7;FACE;CLSG
unnamed_1405.bin;TNP_;TNP_;SCNF;MDC7;FACE;CLSG
unnamed_1407.bin;TNZ_;TNZ_;SCNF;MDC7;FACE
unnamed_141.bin;CCA_;09D_;SCNF;MDC7;FACE
unnamed_1411.bin;TSK_;TSK_;SCNF;MDC7;FACE;CLSG
unnamed_1415.bin;TST_;TST_;SCNF;MDC7;FACE;CLSG
unnamed_1419.bin;UCH_;UCH_;SCNF;MDC7;FACE;CLSG
unnamed_1421.bin;UGN_;UGN_;SCNF;MDC7;FACE
unnamed_1427.bin;VCN_;VCN_;SCNF;MDC7;FACE
unnamed_143.bin;KD8_;09E_;SCNF;MDC7;FACE
unnamed_1433.bin;WA1_;WA1_;SCNF;MDC7;FACE
unnamed_1439.bin;WD3_;WD3_;SCNF;MDC7;FACE
unnamed_145.bin;OBA_;09F_;SCNF;MDC7;FACE
unnamed_1453.bin;WON_;WON_;SCNF;MDC7;FACE;CLSG
unnamed_1455.bin;WTA_;WTA_;SCNF;MDC7;FACE;CLSG
unnamed_1459.bin;XGH_;XGH_;SCNF;MDC7;FACE;CLSG
unnamed_1461.bin;XHG_;XHG_;SCNF;MDC7;FACE
unnamed_1463.bin;XHK_;XHK_;SCNF;MDC7;FACE
unnamed_1465.bin;XHO_;XHO_;SCNF;MDC7;FACE
unnamed_1467.bin;XNO_;XNO_;SCNF;MDC7;FACE;CLSG
unnamed_147.bin;GFA_;09G_;SCNF;MDC7;FACE
unnamed_149.bin;GMA_;09H_;SCNF;MDC7;FACE
unnamed_15.bin;GM1_;00H_;SCNF;MDC7;FACE;CLSG
unnamed_151.bin;WO2_;10C_;SCNF;MDC7;FACE
unnamed_1525.bin;YHG_;YHG_;SCNF;MDC7;FACE;CLSG
unnamed_153.bin;KIK_;10D_;SCNF;MDC7;FACE;CLSG
unnamed_1533.bin;YOG_;YOG_;SCNF;MDC7;FACE
unnamed_1537.bin;YOK_;YOK_;SCNF;MDC7;FACE;CLSG
unnamed_1539.bin;YRY_;YRY_;SCNF;MDC7;FACE;CLSG
unnamed_1545.bin;YUR_;YUR_;SCNF;MDC7;FACE
unnamed_1547.bin;ZKN_;ZKN_;SCNF;MDC7;FACE;CLSG
unnamed_155.bin;KP1_;10E_;SCNF;MDC7;FACE;CLSG
unnamed_1551.bin;ZOH_;ZOH_;SCNF;MDC7;FACE;CLSG
unnamed_157.bin;JI5_;10G_;SCNF;MDC7;FACE
unnamed_159.bin;BAA_;10H_;SCNF;MDC7;FACE
unnamed_161.bin;KOW_;11C_;SCNF;MDC7;FACE
unnamed_163.bin;WO8_;11D_;SCNF;MDC7;FACE
unnamed_165.bin;KP2_;11E_;SCNF;MDC7;FACE;CLSG
unnamed_167.bin;JI7_;11G_;SCNF;MDC7;FACE
unnamed_169.bin;BS1_;11H_;SCNF;MDC7;FACE
unnamed_17.bin;OK3_;01A_;SCNF;MDC7;FACE
unnamed_171.bin;TOG_;12C_;SCNF;MDC7;FACE;CLSG
unnamed_173.bin;PG1_;12D_;SCNF;MDC7;FACE;CLSG
unnamed_175.bin;KP3_;12E_;SCNF;MDC7;FACE;CLSG
unnamed_177.bin;JJ1_;12G_;SCNF;MDC7;FACE
unnamed_179.bin;BS7_;12H_;SCNF;MDC7;FACE
unnamed_181.bin;OD5_;13C_;SCNF;MDC7;FACE
unnamed_183.bin;PG2_;13D_;SCNF;MDC7;FACE;CLSG
unnamed_185.bin;KP4_;13E_;SCNF;MDC7;FACE;CLSG
unnamed_187.bin;JJ2_;13G_;SCNF;MDC7;FACE
unnamed_189.bin;BS8_;13H_;SCNF;MDC7;FACE
unnamed_19.bin;CF1_;01B_;SCNF;MDC7;FACE
unnamed_191.bin;YM1_;14C_;SCNF;MDC7;FACE
unnamed_193.bin;PG3_;14D_;SCNF;MDC7;FACE;CLSG
unnamed_195.bin;KP5_;14E_;SCNF;MDC7;FACE
unnamed_197.bin;JJ3_;14G_;SCNF;MDC7;FACE
unnamed_199.bin;BS9_;14H_;SCNF;MDC7;FACE
unnamed_201.bin;JJ8_;15G_;SCNF;MDC7;FACE
unnamed_203.bin;MN1_;15H_;SCNF;MDC7;FACE;CLSG
unnamed_205.bin;JJ9_;16G_;SCNF;MDC7;FACE
unnamed_207.bin;BS7_;16H_;SCNF;MDC7;FACE
unnamed_209.bin;JJA_;17G_;SCNF;MDC7;FACE
unnamed_21.bin;JN2_;01C_;SCNF;MDC7;FACE
unnamed_211.bin;BS8_;17H_;SCNF;MDC7;FACE
unnamed_213.bin;JJ9_;18G_;SCNF;MDC7;FACE
unnamed_215.bin;BS9_;18H_;SCNF;MDC7;FACE
unnamed_217.bin;JJA_;19G_;SCNF;MDC7;FACE
unnamed_219.bin;BSA_;19H_;SCNF;MDC7;FACE
unnamed_23.bin;CC2_;01D_;SCNF;MDC7;FACE
unnamed_25.bin;ST2_;01E_;SCNF;MDC7;FACE
unnamed_257.bin;AA1_;AA1_;SCNF;MDC7;FACE
unnamed_261.bin;AD2_;AD2_;SCNF;MDC7;FACE;CLSG
unnamed_27.bin;OBA_;01F_;SCNF;MDC7;FACE
unnamed_271.bin;AHE_;AHE_;SCNF;MDC7;FACE;CLSG
unnamed_273.bin;AMY_;AMY_;SCNF;MDC7;FACE;CLSG
unnamed_275.bin;ANA_;ANA_;SCNF;MDC7;FACE;CLSG
unnamed_279.bin;ANK_;ANK_;SCNF;MDC7;FACE;CLSG
unnamed_281.bin;ANN_;ANN_;SCNF;MDC7;FACE;CLSG
unnamed_283.bin;ANS_;ANS_;SCNF;MDC7;FACE
unnamed_287.bin;ARI_;ARI_;SCNF;MDC7;FACE;CLSG
unnamed_29.bin;GF2_;01G_;SCNF;MDC7;FACE
unnamed_293.bin;BBA_;BBA_;SCNF;MDC7;FACE
unnamed_295.bin;BBB_;BBB_;SCNF;MDC7;FACE
unnamed_297.bin;BBT_;BBT_;SCNF;MDC7;FACE;CLSG
unnamed_3.bin;OK6_;00B_;SCNF;MDC7;FACE;CLSG
unnamed_31.bin;GM2_;01H_;SCNF;MDC7;FACE;CLSG
unnamed_33.bin;OK4_;02A_;SCNF;MDC7;FACE
unnamed_331.bin;BKN_;BKN_;SCNF;MDC7;FACE;CLSG
unnamed_35.bin;CF2_;02B_;SCNF;MDC7;FACE
unnamed_37.bin;JN3_;02C_;SCNF;MDC7;FACE
unnamed_39.bin;CC3_;02D_;SCNF;MDC7;FACE
unnamed_405.bin;CEN_;CEN_;SCNF;MDC7;FACE;CLSG
unnamed_41.bin;ST3_;02E_;SCNF;MDC7;FACE
unnamed_411.bin;CHK_;CHK_;SCNF;MDC7;FACE
unnamed_419.bin;CHW_;CHW_;SCNF;MDC7;FACE;CLSG
unnamed_423.bin;CHY_;CHY_;SCNF;MDC7;FACE;CLSG
unnamed_427.bin;CKN_;CKN_;SCNF;MDC7;FACE;CLSG
unnamed_429.bin;CKT_;CKT_;SCNF;MDC7;FACE
unnamed_43.bin;BKY_;02F_;SCNF;MDC7;FACE;CLSG
unnamed_431.bin;CKY_;CKY_;SCNF;MDC7;FACE;CLSG
unnamed_435.bin;CLN_;CLN_;SCNF;MDC7;FACE;CLSG
unnamed_437.bin;CLY_;CLY_;SCNF;MDC7;FACE;CLSG
unnamed_439.bin;CMY_;CMY_;SCNF;MDC7;FACE;CLSG
unnamed_441.bin;CN0_;CN0_;SCNF;MDC7;FACE;CLSG
unnamed_443.bin;CN1_;CN1_;SCNF;MDC7;FACE;CLSG
unnamed_445.bin;CN2_;CN2_;SCNF;MDC7;FACE;CLSG
unnamed_447.bin;CN3_;CN3_;SCNF;MDC7;FACE;CLSG
unnamed_449.bin;CN4_;CN4_;SCNF;MDC7;FACE
unnamed_45.bin;GF3_;02G_;SCNF;MDC7;FACE
unnamed_451.bin;CN5_;CN5_;SCNF;MDC7;FACE;CLSG
unnamed_453.bin;CN6_;CN6_;SCNF;MDC7;FACE
unnamed_455.bin;CN7_;CN7_;SCNF;MDC7;FACE
unnamed_457.bin;CNT_;CNT_;SCNF;MDC7;FACE;CLSG
unnamed_465.bin;CSY_;CSY_;SCNF;MDC7;FACE
unnamed_47.bin;GM3_;02H_;SCNF;MDC7;FACE
unnamed_471.bin;CZN_;CZN_;SCNF;MDC7;FACE
unnamed_473.bin;DEN_;DEN_;SCNF;MDC7;FACE;CLSG
unnamed_475.bin;DEY_;DEY_;SCNF;MDC7;FACE;CLSG
unnamed_477.bin;DHO_;DHO_;SCNF;MDC7;FACE
unnamed_489.bin;DY1_;DY1_;SCNF;MDC7;FACE
unnamed_49.bin;OK5_;03A_;SCNF;MDC7;FACE
unnamed_495.bin;EEI_;EEI_;SCNF;MDC7;FACE;CLSG
unnamed_5.bin;JN1_;00C_;SCNF;MDC7;FACE
unnamed_501.bin;EIC_;EIC_;SCNF;MDC7;FACE;CLSG
unnamed_503.bin;EIK_;EIK_;SCNF;MDC7;FACE;CLSG
unnamed_505.bin;EIN_;EIN_;SCNF;MDC7;FACE
unnamed_507.bin;EKM_;EKM_;SCNF;MDC7;FACE;CLSG
unnamed_509.bin;EMI_;EMI_;SCNF;MDC7;FACE;CLSG
unnamed_51.bin;CF3_;03B_;SCNF;MDC7;FACE;CLSG
unnamed_511.bin;EMN_;EMN_;SCNF;MDC7;FACE;CLSG
unnamed_513.bin;ENC_;ENC_;SCNF;MDC7;FACE
unnamed_517.bin;ENN_;ENN_;SCNF;MDC7;FACE;CLSG
unnamed_519.bin;ENS_;ENS_;SCNF;MDC7;FACE;CLSG
unnamed_521.bin;ESN_;ESN_;SCNF;MDC7;FACE
unnamed_525.bin;ETY_;ETY_;SCNF;MDC7;FACE;CLSG
unnamed_527.bin;FCJ_;FCJ_;SCNF;MDC7;FACE
unnamed_53.bin;JN4_;03C_;SCNF;MDC7;FACE
unnamed_547.bin;GAU_;GAU_;SCNF;MDC7;FACE;CLSG
unnamed_55.bin;CC4_;03D_;SCNF;MDC7;FACE
unnamed_551.bin;GET_;GET_;SCNF;MDC7;FACE;CLSG
unnamed_555.bin;GKS_;GKS_;SCNF;MDC7;FACE;CLSG
unnamed_557.bin;GNB_;GNB_;SCNF;MDC7;FACE;CLSG
unnamed_559.bin;GOI_;GOI_;SCNF;MDC7;FACE
unnamed_561.bin;GST_;GST_;SCNF;MDC7;FACE
unnamed_563.bin;GYE_;GYE_;SCNF;MDC7;FACE;CLSG
unnamed_57.bin;ST4_;03E_;SCNF;MDC7;FACE
unnamed_59.bin;VEN_;03F_;SCNF;MDC7;FACE;CLSG
unnamed_61.bin;GF4_;03G_;SCNF;MDC7;FACE
unnamed_63.bin;GM4_;03H_;SCNF;MDC7;FACE
unnamed_645.bin;HAC_;HAC_;SCNF;MDC7;FACE
unnamed_647.bin;HAK_;HAK_;SCNF;MDC7;FACE
unnamed_649.bin;HCJ_;HCJ_;SCNF;MDC7;FACE;CLSG
unnamed_65.bin;CM1_;04A_;SCNF;MDC7;FACE
unnamed_651.bin;HCR_;HCR_;SCNF;MDC7;FACE;CLSG
unnamed_653.bin;HCS_;HCS_;SCNF;MDC7;FACE;CLSG
unnamed_655.bin;HCY_;HCY_;SCNF;MDC7;FACE
unnamed_659.bin;HKY_;HKY_;SCNF;MDC7;FACE;CLSG
unnamed_661.bin;HLN_;HLN_;SCNF;MDC7;FACE;CLSG
unnamed_665.bin;HNN_;HNN_;SCNF;MDC7;FACE;CLSG
unnamed_667.bin;HOI_;HOI_;SCNF;MDC7;FACE;CLSG
unnamed_669.bin;HTK_;HTK_;SCNF;MDC7;FACE;CLSG
unnamed_67.bin;CF4_;04B_;SCNF;MDC7;FACE;CLSG
unnamed_671.bin;HUR_;HUR_;SCNF;MDC7;FACE;CLSG
unnamed_69.bin;JN5_;04C_;SCNF;MDC7;FACE
unnamed_693.bin;HXN_;HXN_;SCNF;MDC7;FACE;CLSG
unnamed_697.bin;IKC_;IKC_;SCNF;MDC7;FACE;CLSG
unnamed_7.bin;CC1_;00D_;SCNF;MDC7;FACE
unnamed_701.bin;IRN_;IRN_;SCNF;MDC7;FACE
unnamed_71.bin;CC5_;04D_;SCNF;MDC7;FACE;CLSG
unnamed_715.bin;JNT_;JNT_;SCNF;MDC7;FACE;CLSG
unnamed_717.bin;JNX_;JNX_;SCNF;MDC7;FACE;CLSG
unnamed_719.bin;JOE_;JOE_;SCNF;MDC7;FACE
unnamed_721.bin;JON_;JON_;SCNF;MDC7;FACE;CLSG
unnamed_723.bin;JOP_;JOP_;SCNF;MDC7;FACE;CLSG
unnamed_73.bin;ST5_;04E_;SCNF;MDC7;FACE
unnamed_739.bin;KAC_;KAC_;SCNF;MDC7;FACE;CLSG
unnamed_741.bin;KAN_;KAN_;SCNF;MDC7;FACE
unnamed_743.bin;KAP_;KAP_;SCNF;MDC7;FACE;CLSG
unnamed_745.bin;KBY_;KBY_;SCNF;MDC7;FACE;CLSG
unnamed_747.bin;KCH_;KCH_;SCNF;MDC7;FACE;CLSG
unnamed_75.bin;RRN_;04F_;SCNF;MDC7;FACE;CLSG
unnamed_759.bin;KEK_;KEK_;SCNF;MDC7;FACE;CLSG
unnamed_763.bin;KEM_;KEM_;SCNF;MDC7;FACE;CLSG
unnamed_77.bin;GF5_;04G_;SCNF;MDC7;FACE
unnamed_783.bin;KIN_;KIN_;SCNF;MDC7;FACE;CLSG
unnamed_785.bin;KIZ_;KIZ_;SCNF;MDC7;FACE;CLSG
unnamed_787.bin;KJN_;KJN_;SCNF;MDC7;FACE
unnamed_79.bin;GM5_;04H_;SCNF;MDC7;FACE
unnamed_807.bin;KKD_;KKD_;SCNF;MDC7;FACE;CLSG
unnamed_809.bin;KKI_;KKI_;SCNF;MDC7;FACE
unnamed_81.bin;CM2_;05A_;SCNF;MDC7;FACE
unnamed_821.bin;KNC_;KNC_;SCNF;MDC7;FACE
unnamed_823.bin;KNH_;KNH_;SCNF;MDC7;FACE;CLSG
unnamed_827.bin;KNK_;KNK_;SCNF;MDC7;FACE;CLSG
unnamed_829.bin;KNN_;KNN_;SCNF;MDC7;FACE;CLSG
unnamed_83.bin;JN6_;05C_;SCNF;MDC7;FACE
unnamed_833.bin;KNT_;KNT_;SCNF;MDC7;FACE
unnamed_837.bin;KOR_;KOR_;SCNF;MDC7;FACE;CLSG
unnamed_85.bin;CC6_;05D_;SCNF;MDC7;FACE
unnamed_855.bin;KRN_;KRN_;SCNF;MDC7;FACE;CLSG
unnamed_857.bin;KRY_;KRY_;SCNF;MDC7;FACE;CLSG
unnamed_87.bin;OJ5_;05E_;SCNF;MDC7;FACE
unnamed_873.bin;KT4_;KT4_;SCNF;MDC7;FACE;CLSG
unnamed_887.bin;KTK_;KTK_;SCNF;MDC7;FACE
unnamed_89.bin;WOC_;05F_;SCNF;MDC7;FACE;CLSG
unnamed_9.bin;ST1_;00E_;SCNF;MDC7;FACE
unnamed_903.bin;KUD_;KUD_;SCNF;MDC7;FACE;CLSG
unnamed_905.bin;KUG_;KUG_;SCNF;MDC7;FACE;CLSG
unnamed_91.bin;GF6_;05G_;SCNF;MDC7;FACE
unnamed_911.bin;KWR_;KWR_;SCNF;MDC7;FACE;CLSG
unnamed_913.bin;KYG_;KYG_;SCNF;MDC7;FACE;CLSG
unnamed_915.bin;KYJ_;KYJ_;SCNF;MDC7;FACE;CLSG
unnamed_917.bin;YARI;KZN_;SCNF;MDC7;FACE;CLSG;MDP7
unnamed_919.bin;LKN_;LKN_;SCNF;MDC7;FACE
unnamed_921.bin;LKU_;LKU_;SCNF;MDC7;FACE;CLSG
unnamed_927.bin;LYH_;LYH_;SCNF;MDC7;FACE
unnamed_929.bin;LYO_;LYO_;SCNF;MDC7;FACE
unnamed_93.bin;GM6_;05H_;SCNF;MDC7;FACE
unnamed_95.bin;CM3_;06A_;SCNF;MDC7;FACE
unnamed_97.bin;JN7_;06C_;SCNF;MDC7;FACE
unnamed_979.bin;MCN_;MCN_;SCNF;MDC7;FACE;CLSG
unnamed_981.bin;MEY_;MEY_;SCNF;MDC7;FACE;CLSG
unnamed_983.bin;MGN_;MGN_;SCNF;MDC7;FACE;CLSG
unnamed_985.bin;MII_;MII_;SCNF;MDC7;FACE;CLSG
unnamed_987.bin;MIK_;MIK_;SCNF;MDC7;FACE;CLSG
unnamed_989.bin;MKD_;MKD_;SCNF;MDC7;FACE;CLSG
unnamed_99.bin;CC7_;06D_;SCNF;MDC7;FACE
unnamed_991.bin;MKR_;MKR_;SCNF;MDC7;FACE;CLSG
unnamed_993.bin;MLI_;MLI_;SCNF;MDC7;FACE;CLSG
unnamed_995.bin;MM5_;MM5_;SCNF;MDC7;FACE;CLSG
unnamed_997.bin;MM7_;MM7_;SCNF;MDC7;FACE;CLSG
