FileName;Char ID #1;Char ID #2;Section #1;Section #2;Section #3;Section #4;Section #5
00A_.PKS;OK1_;00A_;SCNF;MDC7;FACE
00B_.PKS;OK6_;00B_;SCNF;MDC7;FACE;CLSG
00C_.PKS;JN1_;00C_;SCNF;MDC7;FACE
00D_.PKS;CC1_;00D_;SCNF;MDC7;FACE
00E_.PKS;ST1_;00E_;SCNF;MDC7;FACE
00F_.PKS;OB7_;00F_;SCNF;MDC7;FACE
00G_.PKS;JI1_;00G_;SCNF;MDC7;FACE
00H_.PKS;GM1_;00H_;SCNF;MDC7;FACE;CLSG
01A_.PKS;OK3_;01A_;SCNF;MDC7;FACE
01B_.PKS;CF1_;01B_;SCNF;MDC7;FACE
01C_.PKS;JN2_;01C_;SCNF;MDC7;FACE
01D_.PKS;CC2_;01D_;SCNF;MDC7;FACE
01E_.PKS;ST2_;01E_;SCNF;MDC7;FACE
01F_.PKS;OBA_;01F_;SCNF;MDC7;FACE
01G_.PKS;GF2_;01G_;SCNF;MDC7;FACE
01H_.PKS;GM2_;01H_;SCNF;MDC7;FACE;CLSG
02A_.PKS;OK4_;02A_;SCNF;MDC7;FACE
02B_.PKS;CF2_;02B_;SCNF;MDC7;FACE
02C_.PKS;JN3_;02C_;SCNF;MDC7;FACE
02D_.PKS;CC3_;02D_;SCNF;MDC7;FACE
02E_.PKS;ST3_;02E_;SCNF;MDC7;FACE
02F_.PKS;BKY_;02F_;SCNF;MDC7;FACE;CLSG
02G_.PKS;GF3_;02G_;SCNF;MDC7;FACE
02H_.PKS;GM3_;02H_;SCNF;MDC7;FACE
03A_.PKS;OK5_;03A_;SCNF;MDC7;FACE
03B_.PKS;CF3_;03B_;SCNF;MDC7;FACE;CLSG
03C_.PKS;JN4_;03C_;SCNF;MDC7;FACE
03D_.PKS;CC4_;03D_;SCNF;MDC7;FACE
03E_.PKS;ST4_;03E_;SCNF;MDC7;FACE
03F_.PKS;VEN_;03F_;SCNF;MDC7;FACE;CLSG
03G_.PKS;GF4_;03G_;SCNF;MDC7;FACE
03H_.PKS;GM4_;03H_;SCNF;MDC7;FACE
04A_.PKS;CM1_;04A_;SCNF;MDC7;FACE
04B_.PKS;CF4_;04B_;SCNF;MDC7;FACE;CLSG
04C_.PKS;JN5_;04C_;SCNF;MDC7;FACE
04D_.PKS;CC5_;04D_;SCNF;MDC7;FACE;CLSG
04E_.PKS;ST5_;04E_;SCNF;MDC7;FACE
04F_.PKS;RRN_;04F_;SCNF;MDC7;FACE;CLSG
04G_.PKS;GF5_;04G_;SCNF;MDC7;FACE
04H_.PKS;GM5_;04H_;SCNF;MDC7;FACE
05A_.PKS;CM2_;05A_;SCNF;MDC7;FACE
05C_.PKS;JN6_;05C_;SCNF;MDC7;FACE
05D_.PKS;CC6_;05D_;SCNF;MDC7;FACE
05E_.PKS;OJ5_;05E_;SCNF;MDC7;FACE
05F_.PKS;WOC_;05F_;SCNF;MDC7;FACE;CLSG
05G_.PKS;GF6_;05G_;SCNF;MDC7;FACE
05H_.PKS;GM6_;05H_;SCNF;MDC7;FACE
06A_.PKS;CM3_;06A_;SCNF;MDC7;FACE
06C_.PKS;JN7_;06C_;SCNF;MDC7;FACE
06D_.PKS;CC7_;06D_;SCNF;MDC7;FACE
06E_.PKS;OJ9_;06E_;SCNF;MDC7;FACE
06F_.PKS;OB7_;06F_;SCNF;MDC7;FACE
06G_.PKS;GF7_;06G_;SCNF;MDC7;FACE
06H_.PKS;BA7_;06H_;SCNF;MDC7;FACE
07A_.PKS;CM4_;07A_;SCNF;MDC7;FACE
07C_.PKS;JN8_;07C_;SCNF;MDC7;FACE
07D_.PKS;CC8_;07D_;SCNF;MDC7;FACE
07E_.PKS;OM2_;07E_;SCNF;MDC7;FACE
07F_.PKS;OB8_;07F_;SCNF;MDC7;FACE
07G_.PKS;GF8_;07G_;SCNF;MDC7;FACE
07H_.PKS;BA8_;07H_;SCNF;MDC7;FACE
08A_.PKS;CM5_;08A_;SCNF;MDC7;FACE
08C_.PKS;JN9_;08C_;SCNF;MDC7;FACE
08D_.PKS;CC9_;08D_;SCNF;MDC7;FACE
08E_.PKS;KD2_;08E_;SCNF;MDC7;FACE;CLSG
08F_.PKS;OB9_;08F_;SCNF;MDC7;FACE
08G_.PKS;JI9_;08G_;SCNF;MDC7;FACE
08H_.PKS;GM9_;08H_;SCNF;MDC7;FACE
09A_.PKS;CM6_;09A_;SCNF;MDC7;FACE;CLSG
09C_.PKS;JNA_;09C_;SCNF;MDC7;FACE
09D_.PKS;CCA_;09D_;SCNF;MDC7;FACE
09E_.PKS;KD8_;09E_;SCNF;MDC7;FACE
09F_.PKS;OBA_;09F_;SCNF;MDC7;FACE
09G_.PKS;GFA_;09G_;SCNF;MDC7;FACE
09H_.PKS;GMA_;09H_;SCNF;MDC7;FACE
10C_.PKS;WO2_;10C_;SCNF;MDC7;FACE
10D_.PKS;KIK_;10D_;SCNF;MDC7;FACE;CLSG
10E_.PKS;KP1_;10E_;SCNF;MDC7;FACE;CLSG
10G_.PKS;JI5_;10G_;SCNF;MDC7;FACE
10H_.PKS;BAA_;10H_;SCNF;MDC7;FACE
11C_.PKS;KOW_;11C_;SCNF;MDC7;FACE
11D_.PKS;WO8_;11D_;SCNF;MDC7;FACE
11E_.PKS;KP2_;11E_;SCNF;MDC7;FACE;CLSG
11G_.PKS;JI7_;11G_;SCNF;MDC7;FACE
11H_.PKS;BS1_;11H_;SCNF;MDC7;FACE
12C_.PKS;TOG_;12C_;SCNF;MDC7;FACE;CLSG
12D_.PKS;PG1_;12D_;SCNF;MDC7;FACE;CLSG
12E_.PKS;KP3_;12E_;SCNF;MDC7;FACE;CLSG
12G_.PKS;JJ1_;12G_;SCNF;MDC7;FACE
12H_.PKS;BS7_;12H_;SCNF;MDC7;FACE
13C_.PKS;OD5_;13C_;SCNF;MDC7;FACE
13D_.PKS;PG2_;13D_;SCNF;MDC7;FACE;CLSG
13E_.PKS;KP4_;13E_;SCNF;MDC7;FACE;CLSG
13G_.PKS;JJ2_;13G_;SCNF;MDC7;FACE
13H_.PKS;BS8_;13H_;SCNF;MDC7;FACE
14C_.PKS;YM1_;14C_;SCNF;MDC7;FACE
14D_.PKS;PG3_;14D_;SCNF;MDC7;FACE;CLSG
14E_.PKS;KP5_;14E_;SCNF;MDC7;FACE
14G_.PKS;JJ3_;14G_;SCNF;MDC7;FACE
14H_.PKS;BS9_;14H_;SCNF;MDC7;FACE
15G_.PKS;JJ8_;15G_;SCNF;MDC7;FACE
15H_.PKS;MN1_;15H_;SCNF;MDC7;FACE;CLSG
16G_.PKS;JJ9_;16G_;SCNF;MDC7;FACE
16H_.PKS;BS7_;16H_;SCNF;MDC7;FACE
17G_.PKS;JJA_;17G_;SCNF;MDC7;FACE
17H_.PKS;BS8_;17H_;SCNF;MDC7;FACE
18G_.PKS;JJ9_;18G_;SCNF;MDC7;FACE
18H_.PKS;BS9_;18H_;SCNF;MDC7;FACE
19G_.PKS;JJA_;19G_;SCNF;MDC7;FACE
19H_.PKS;BSA_;19H_;SCNF;MDC7;FACE
AA1_.PKS;AA1_;AA1_;SCNF;MDC7;FACE
AD2_.PKS;AD2_;AD2_;SCNF;MDC7;FACE;CLSG
AHE_.PKS;AHE_;AHE_;SCNF;MDC7;FACE;CLSG
AMY_.PKS;AMY_;AMY_;SCNF;MDC7;FACE;CLSG
ANA_.PKS;ANA_;ANA_;SCNF;MDC7;FACE;CLSG
ANK_.PKS;ANK_;ANK_;SCNF;MDC7;FACE;CLSG
ANN_.PKS;ANN_;ANN_;SCNF;MDC7;FACE;CLSG
ANS_.PKS;ANS_;ANS_;SCNF;MDC7;FACE
ARI_.PKS;ARI_;ARI_;SCNF;MDC7;FACE;CLSG
BBA_.PKS;BBA_;BBA_;SCNF;MDC7;FACE
BBB_.PKS;BBB_;BBB_;SCNF;MDC7;FACE
BBT_.PKS;BBT_;BBT_;SCNF;MDC7;FACE;CLSG
BKN_.PKS;BKN_;BKN_;SCNF;MDC7;FACE;CLSG
CEN_.PKS;CEN_;CEN_;SCNF;MDC7;FACE;CLSG
CHK_.PKS;CHK_;CHK_;SCNF;MDC7;FACE
CHW_.PKS;CHW_;CHW_;SCNF;MDC7;FACE;CLSG
CHY_.PKS;CHY_;CHY_;SCNF;MDC7;FACE;CLSG
CKN_.PKS;CKN_;CKN_;SCNF;MDC7;FACE;CLSG
CKT_.PKS;CKT_;CKT_;SCNF;MDC7;FACE
CKY_.PKS;CKY_;CKY_;SCNF;MDC7;FACE;CLSG
CLN_.PKS;CLN_;CLN_;SCNF;MDC7;FACE;CLSG
CLY_.PKS;CLY_;CLY_;SCNF;MDC7;FACE;CLSG
CMY_.PKS;CMY_;CMY_;SCNF;MDC7;FACE;CLSG
CN0_.PKS;CN0_;CN0_;SCNF;MDC7;FACE;CLSG
CN1_.PKS;CN1_;CN1_;SCNF;MDC7;FACE;CLSG
CN2_.PKS;CN2_;CN2_;SCNF;MDC7;FACE;CLSG
CN3_.PKS;CN3_;CN3_;SCNF;MDC7;FACE;CLSG
CN4_.PKS;CN4_;CN4_;SCNF;MDC7;FACE
CN5_.PKS;CN5_;CN5_;SCNF;MDC7;FACE;CLSG
CN6_.PKS;CN6_;CN6_;SCNF;MDC7;FACE
CN7_.PKS;CN7_;CN7_;SCNF;MDC7;FACE
CNT_.PKS;CNT_;CNT_;SCNF;MDC7;FACE;CLSG
CSY_.PKS;CSY_;CSY_;SCNF;MDC7;FACE
CZN_.PKS;CZN_;CZN_;SCNF;MDC7;FACE
DEN_.PKS;DEN_;DEN_;SCNF;MDC7;FACE;CLSG
DEY_.PKS;DEY_;DEY_;SCNF;MDC7;FACE;CLSG
DHO_.PKS;DHO_;DHO_;SCNF;MDC7;FACE
DY1_.PKS;DY1_;DY1_;SCNF;MDC7;FACE
EEI_.PKS;EEI_;EEI_;SCNF;MDC7;FACE;CLSG
EIC_.PKS;EIC_;EIC_;SCNF;MDC7;FACE;CLSG
EIK_.PKS;EIK_;EIK_;SCNF;MDC7;FACE;CLSG
EIN_.PKS;EIN_;EIN_;SCNF;MDC7;FACE
EKM_.PKS;EKM_;EKM_;SCNF;MDC7;FACE;CLSG
EMI_.PKS;EMI_;EMI_;SCNF;MDC7;FACE;CLSG
EMN_.PKS;EMN_;EMN_;SCNF;MDC7;FACE;CLSG
ENC_.PKS;ENC_;ENC_;SCNF;MDC7;FACE
ENN_.PKS;ENN_;ENN_;SCNF;MDC7;FACE;CLSG
ENS_.PKS;ENS_;ENS_;SCNF;MDC7;FACE;CLSG
ESN_.PKS;ESN_;ESN_;SCNF;MDC7;FACE
ETY_.PKS;ETY_;ETY_;SCNF;MDC7;FACE;CLSG
FCJ_.PKS;FCJ_;FCJ_;SCNF;MDC7;FACE
GAU_.PKS;GAU_;GAU_;SCNF;MDC7;FACE;CLSG
GET_.PKS;GET_;GET_;SCNF;MDC7;FACE;CLSG
GKS_.PKS;GKS_;GKS_;SCNF;MDC7;FACE;CLSG
GNB_.PKS;GNB_;GNB_;SCNF;MDC7;FACE;CLSG
GOI_.PKS;GOI_;GOI_;SCNF;MDC7;FACE
GST_.PKS;GST_;GST_;SCNF;MDC7;FACE
GYE_.PKS;GYE_;GYE_;SCNF;MDC7;FACE;CLSG
HAC_.PKS;HAC_;HAC_;SCNF;MDC7;FACE
HAK_.PKS;HAK_;HAK_;SCNF;MDC7;FACE
HCJ_.PKS;HCJ_;HCJ_;SCNF;MDC7;FACE;CLSG
HCR_.PKS;HCR_;HCR_;SCNF;MDC7;FACE;CLSG
HCS_.PKS;HCS_;HCS_;SCNF;MDC7;FACE;CLSG
HCY_.PKS;HCY_;HCY_;SCNF;MDC7;FACE
HKY_.PKS;HKY_;HKY_;SCNF;MDC7;FACE;CLSG
HLN_.PKS;HLN_;HLN_;SCNF;MDC7;FACE;CLSG
HNN_.PKS;HNN_;HNN_;SCNF;MDC7;FACE;CLSG
HOI_.PKS;HOI_;HOI_;SCNF;MDC7;FACE;CLSG
HTK_.PKS;HTK_;HTK_;SCNF;MDC7;FACE;CLSG
HUR_.PKS;HUR_;HUR_;SCNF;MDC7;FACE;CLSG
HXN_.PKS;HXN_;HXN_;SCNF;MDC7;FACE;CLSG
IKC_.PKS;IKC_;IKC_;SCNF;MDC7;FACE;CLSG
IRN_.PKS;IRN_;IRN_;SCNF;MDC7;FACE
JNT_.PKS;JNT_;JNT_;SCNF;MDC7;FACE;CLSG
JNX_.PKS;JNX_;JNX_;SCNF;MDC7;FACE;CLSG
JOE_.PKS;JOE_;JOE_;SCNF;MDC7;FACE
JON_.PKS;JON_;JON_;SCNF;MDC7;FACE;CLSG
JOP_.PKS;JOP_;JOP_;SCNF;MDC7;FACE;CLSG
KAC_.PKS;KAC_;KAC_;SCNF;MDC7;FACE;CLSG
KAN_.PKS;KAN_;KAN_;SCNF;MDC7;FACE
KAP_.PKS;KAP_;KAP_;SCNF;MDC7;FACE;CLSG
KBY_.PKS;KBY_;KBY_;SCNF;MDC7;FACE;CLSG
KCH_.PKS;KCH_;KCH_;SCNF;MDC7;FACE;CLSG
KEK_.PKS;KEK_;KEK_;SCNF;MDC7;FACE;CLSG
KEM_.PKS;KEM_;KEM_;SCNF;MDC7;FACE;CLSG
KIN_.PKS;KIN_;KIN_;SCNF;MDC7;FACE;CLSG
KIZ_.PKS;KIZ_;KIZ_;SCNF;MDC7;FACE;CLSG
KJN_.PKS;KJN_;KJN_;SCNF;MDC7;FACE
KKD_.PKS;KKD_;KKD_;SCNF;MDC7;FACE;CLSG
KKI_.PKS;KKI_;KKI_;SCNF;MDC7;FACE
KNC_.PKS;KNC_;KNC_;SCNF;MDC7;FACE
KNH_.PKS;KNH_;KNH_;SCNF;MDC7;FACE;CLSG
KNK_.PKS;KNK_;KNK_;SCNF;MDC7;FACE;CLSG
KNN_.PKS;KNN_;KNN_;SCNF;MDC7;FACE;CLSG
KNT_.PKS;KNT_;KNT_;SCNF;MDC7;FACE
KOR_.PKS;KOR_;KOR_;SCNF;MDC7;FACE;CLSG
KRN_.PKS;KRN_;KRN_;SCNF;MDC7;FACE;CLSG
KRY_.PKS;KRY_;KRY_;SCNF;MDC7;FACE;CLSG
KT4_.PKS;KT4_;KT4_;SCNF;MDC7;FACE;CLSG
KTK_.PKS;KTK_;KTK_;SCNF;MDC7;FACE
KUD_.PKS;KUD_;KUD_;SCNF;MDC7;FACE;CLSG
KUG_.PKS;KUG_;KUG_;SCNF;MDC7;FACE;CLSG
KWR_.PKS;KWR_;KWR_;SCNF;MDC7;FACE;CLSG
KYG_.PKS;KYG_;KYG_;SCNF;MDC7;FACE;CLSG
KYJ_.PKS;KYJ_;KYJ_;SCNF;MDC7;FACE;CLSG
KZN_.PKS;YARI;KZN_;SCNF;MDC7;FACE;CLSG;MDP7
LKN_.PKS;LKN_;LKN_;SCNF;MDC7;FACE
LKU_.PKS;LKU_;LKU_;SCNF;MDC7;FACE;CLSG
LYH_.PKS;LYH_;LYH_;SCNF;MDC7;FACE
LYO_.PKS;LYO_;LYO_;SCNF;MDC7;FACE
MCN_.PKS;MCN_;MCN_;SCNF;MDC7;FACE;CLSG
MEY_.PKS;MEY_;MEY_;SCNF;MDC7;FACE;CLSG
MGN_.PKS;MGN_;MGN_;SCNF;MDC7;FACE;CLSG
MII_.PKS;MII_;MII_;SCNF;MDC7;FACE;CLSG
MIK_.PKS;MIK_;MIK_;SCNF;MDC7;FACE;CLSG
MKD_.PKS;MKD_;MKD_;SCNF;MDC7;FACE;CLSG
MKR_.PKS;MKR_;MKR_;SCNF;MDC7;FACE;CLSG
MLI_.PKS;MLI_;MLI_;SCNF;MDC7;FACE;CLSG
MM5_.PKS;MM5_;MM5_;SCNF;MDC7;FACE;CLSG
MM7_.PKS;MM7_;MM7_;SCNF;MDC7;FACE;CLSG
MMC_.PKS;MMC_;MMC_;SCNF;MDC7;FACE;CLSG
MN0_.PKS;MN0_;MN0_;SCNF;MDC7;FACE
MN2_.PKS;MN2_;MN2_;SCNF;MDC7;FACE;CLSG
MN4_.PKS;MN4_;MN4_;SCNF;MDC7;FACE
MN5_.PKS;MN5_;MN5_;SCNF;MDC7;FACE;CLSG
MN6_.PKS;MN6_;MN6_;SCNF;MDC7;FACE;CLSG
MOE_.PKS;MOE_;MOE_;SCNF;MDC7;FACE;CLSG
MYG_.PKS;MYG_;MYG_;SCNF;MDC7;FACE;CLSG
MYH_.PKS;MYH_;MYH_;SCNF;MDC7;FACE
MYS_.PKS;MYS_;MYS_;SCNF;MDC7;FACE
MYU_.PKS;MYU_;MYU_;SCNF;MDC7;FACE;CLSG
NIR_.PKS;NIR_;NIR_;SCNF;MDC7;FACE;CLSG
NOL_.PKS;NOL_;NOL_;SCNF;MDC7;FACE;CLSG
OD1_.PKS;OD1_;OD1_;SCNF;MDC7;FACE
ONK_.PKS;ONK_;ONK_;SCNF;MDC7;FACE
QLN_.PKS;QLN_;QLN_;SCNF;MDC7;FACE;CLSG
RCD_.PKS;RCD_;RCD_;SCNF;MDC7;FACE;CLSG
RCN_.PKS;RCN_;RCN_;SCNF;MDC7;FACE;CLSG
RE1_.PKS;RE1_;RE1_;SCNF;MDC7;FACE
RIN_.PKS;RIN_;RIN_;SCNF;MDC7;FACE;CLSG
RKI_.PKS;RKI_;RKI_;SCNF;MDC7;FACE;CLSG
RKU_.PKS;RKU_;RKU_;SCNF;MDC7;FACE
RNC_.PKS;RNC_;RNC_;SCNF;MDC7;FACE;CLSG
RRI_.PKS;RRI_;RRI_;SCNF;MDC7;FACE;CLSG
RYU_.PKS;RYU_;RYU_;SCNF;MDC7;FACE;CLSG
SAG_.PKS;SAG_;SAG_;SCNF;MDC7;FACE;CLSG
SAI_.PKS;SAI_;SAI_;SCNF;MDC7;FACE;CLSG
SAR_.PKS;SAR_;SAR_;SCNF;MDC7;FACE;CLSG
SAY_.PKS;SAY_;SAY_;SCNF;MDC7;FACE
SCH_.PKS;SCH_;SCH_;SCNF;MDC7;FACE
SCN_.PKS;SCN_;SCN_;SCNF;MDC7;FACE;CLSG
SD1_.PKS;SD1_;SD1_;SCNF;MDC7;FACE;CLSG
SDN_.PKS;SDN_;SDN_;SCNF;MDC7;FACE;CLSG
SEG_.PKS;SEG_;SEG_;SCNF;MDC7;FACE
SF2_.PKS;SF2_;SF2_;SCNF;MDC7;FACE;CLSG
SHC_.PKS;SHC_;SHC_;SCNF;MDC7;FACE;CLSG
SHO_.PKS;SHO_;SHO_;SCNF;MDC7;FACE
SHU_.PKS;SHU_;SHU_;SCNF;MDC7;FACE;CLSG
SIS_.PKS;SIS_;SIS_;SCNF;MDC7;FACE
SIZ_.PKS;SIZ_;SIZ_;SCNF;MDC7;FACE;CLSG
SKH_.PKS;SKH_;SKH_;SCNF;MDC7;FACE;CLSG
SKI_.PKS;SKI_;SKI_;SCNF;MDC7;FACE
SKK_.PKS;SKK_;SKK_;SCNF;MDC7;FACE
SMU_.PKS;SMU_;SMU_;SCNF;MDC7;FACE
SNK_.PKS;SNK_;SNK_;SCNF;MDC7;FACE;CLSG
SNN_.PKS;SNN_;SNN_;SCNF;MDC7;FACE
SNS_.PKS;SNS_;SNS_;SCNF;MDC7;FACE
SOG_.PKS;SOG_;SOG_;SCNF;MDC7;FACE;CLSG
SOK_.PKS;SOK_;SOK_;SCNF;MDC7;FACE;CLSG
SOS_.PKS;SOS_;SOS_;SCNF;MDC7;FACE;CLSG
SSA_.PKS;SSA_;SSA_;SCNF;MDC7;FACE
SSY_.PKS;YARI;SSY_;SCNF;MDC7;FACE;MDP7
SUU_.PKS;SUU_;SUU_;SCNF;MDC7;FACE;CLSG
SYA_.PKS;SYA_;SYA_;SCNF;MDC7;FACE;CLSG
SYB_.PKS;SYB_;SYB_;SCNF;MDC7;FACE
SYC_.PKS;SYC_;SYC_;SCNF;MDC7;FACE;CLSG
SYE_.PKS;SYE_;SYE_;SCNF;MDC7;FACE;CLSG
SYG_.PKS;SYG_;SYG_;SCNF;MDC7;FACE;CLSG
SYK_.PKS;SYK_;SYK_;SCNF;MDC7;FACE;CLSG
SYM_.PKS;SYM_;SYM_;SCNF;MDC7;FACE;CLSG
SYN_.PKS;SYN_;SYN_;SCNF;MDC7;FACE
SYR_.PKS;SYR_;SYR_;SCNF;MDC7;FACE;CLSG
SYS_.PKS;SYS_;SYS_;SCNF;MDC7;FACE;CLSG
SYT_.PKS;SYT_;SYT_;SCNF;MDC7;FACE
SYY_.PKS;SYY_;SYY_;SCNF;MDC7;FACE
SZY_.PKS;SZY_;SZY_;SCNF;MDC7;FACE
TB1_.PKS;TB1_;TB1_;SCNF;MDC7;FACE
TB5_.PKS;TB5_;TB5_;SCNF;MDC7;FACE;CLSG
TDY_.PKS;TDY_;TDY_;SCNF;MDC7;FACE;CLSG
TEI_.PKS;TEI_;TEI_;SCNF;MDC7;FACE;CLSG
TEN_.PKS;TEN_;TEN_;SCNF;MDC7;FACE
THJ_.PKS;THJ_;THJ_;SCNF;MDC7;FACE
TJN_.PKS;TJN_;TJN_;SCNF;MDC7;FACE;CLSG
TKC_.PKS;TKC_;TKC_;SCNF;MDC7;FACE
TKJ_.PKS;TKJ_;TKJ_;SCNF;MDC7;FACE
TKM_.PKS;TKM_;TKM_;SCNF;MDC7;FACE;CLSG
TKR_.PKS;TKR_;TKR_;SCNF;MDC7;FACE
TLA_.PKS;TLA_;TLA_;SCNF;MDC7;FACE
TLB_.PKS;TLB_;TLB_;SCNF;MDC7;FACE
TLC_.PKS;TLC_;TLC_;SCNF;MDC7;FACE;CLSG
TLD_.PKS;TLD_;TLD_;SCNF;MDC7;FACE;CLSG
TMY_.PKS;TMY_;TMY_;SCNF;MDC7;FACE;CLSG
TNP_.PKS;TNP_;TNP_;SCNF;MDC7;FACE;CLSG
TNZ_.PKS;TNZ_;TNZ_;SCNF;MDC7;FACE
TSK_.PKS;TSK_;TSK_;SCNF;MDC7;FACE;CLSG
TST_.PKS;TST_;TST_;SCNF;MDC7;FACE;CLSG
UCH_.PKS;UCH_;UCH_;SCNF;MDC7;FACE;CLSG
UGN_.PKS;UGN_;UGN_;SCNF;MDC7;FACE
VCN_.PKS;VCN_;VCN_;SCNF;MDC7;FACE
WA1_.PKS;WA1_;WA1_;SCNF;MDC7;FACE
WD3_.PKS;WD3_;WD3_;SCNF;MDC7;FACE
WON_.PKS;WON_;WON_;SCNF;MDC7;FACE;CLSG
WTA_.PKS;WTA_;WTA_;SCNF;MDC7;FACE;CLSG
XGH_.PKS;XGH_;XGH_;SCNF;MDC7;FACE;CLSG
XHG_.PKS;XHG_;XHG_;SCNF;MDC7;FACE
XHK_.PKS;XHK_;XHK_;SCNF;MDC7;FACE
XHO_.PKS;XHO_;XHO_;SCNF;MDC7;FACE
XNO_.PKS;XNO_;XNO_;SCNF;MDC7;FACE;CLSG
YHG_.PKS;YHG_;YHG_;SCNF;MDC7;FACE;CLSG
YOG_.PKS;YOG_;YOG_;SCNF;MDC7;FACE
YOK_.PKS;YOK_;YOK_;SCNF;MDC7;FACE;CLSG
YRY_.PKS;YRY_;YRY_;SCNF;MDC7;FACE;CLSG
YUR_.PKS;YUR_;YUR_;SCNF;MDC7;FACE
ZKN_.PKS;ZKN_;ZKN_;SCNF;MDC7;FACE;CLSG
ZOH_.PKS;ZOH_;ZOH_;SCNF;MDC7;FACE;CLSG
