FileName;Char ID #1;Char ID #2;Section #1;Section #2;Section #3;Section #4;Section #5
BP1_.PKS;BP1_;BP1_;SCNF;MDC7;FACE
BP3_.PKS;BP3_;BP3_;SCNF;MDC7;FACE;CLSG
BP5_.PKS;BP5_;BP5_;SCNF;MDC7;FACE
BP7_.PKS;BP7_;BP7_;SCNF;MDC7;FACE;CLSG
BPA_.PKS;BPA_;BPA_;SCNF;MDC7;FACE
CH1_.PKS;CH1_;CH1_;SCNF;MDC7;FACE;CLSG
CH2_.PKS;CH2_;CH2_;SCNF;MDC7;FACE
CH3_.PKS;CH3_;CH3_;SCNF;MDC7;FACE;CLSG
CH4_.PKS;CH4_;CH4_;SCNF;MDC7;FACE;CLSG
CH5_.PKS;CH5_;CH5_;SCNF;MDC7;FACE
CH6_.PKS;CH6_;CH6_;SCNF;MDC7;FACE
CH7_.PKS;CH7_;CH7_;SCNF;MDC7;FACE
CH8_.PKS;CH8_;CH8_;SCNF;MDC7;FACE
CHJ_.PKS;CHJ_;CHJ_;SCNF;MDC7;FACE
GKX_.PKS;GKX_;BP5_;MDC7;FACE;SCNF
KGI_.PKS;KGI_;BP2_;MDC7;FACE;SCNF
KTT_.PKS;KTT_;KTT_;SCNF;MDC7;FACE
ROO_.PKS;ROO_;ROO_;SCNF;MDC7;FACE
SIN_.PKS;SIN_;SIN_;SCNF;MDC7;FACE;CLSG
SMK_.PKS;SMK_;SMK_;SCNF;MDC7;FACE;CLSG
