FileName;Char ID #1;Char ID #2;Section #1;Section #2;Section #3;Section #4;Section #5
00A_.PKS;OK1_;00A_;SCNF;MDC7;FACE
00B_.PKS;OK6_;00B_;SCNF;MDC7;FACE;CLSG
00C_.PKS;JN1_;00C_;SCNF;MDC7;FACE
00D_.PKS;CC1_;00D_;SCNF;MDC7;FACE
00E_.PKS;ST1_;00E_;SCNF;MDC7;FACE
00F_.PKS;OB7_;00F_;SCNF;MDC7;FACE
00G_.PKS;JI1_;00G_;SCNF;MDC7;FACE
00H_.PKS;GM1_;00H_;SCNF;MDC7;FACE;CLSG
01A_.PKS;OK3_;01A_;SCNF;MDC7;FACE
01B_.PKS;CF1_;01B_;SCNF;MDC7;FACE
01C_.PKS;JN2_;01C_;SCNF;MDC7;FACE
01D_.PKS;CC2_;01D_;SCNF;MDC7;FACE
01E_.PKS;ST2_;01E_;SCNF;MDC7;FACE
01F_.PKS;OBA_;01F_;SCNF;MDC7;FACE
01G_.PKS;GF2_;01G_;SCNF;MDC7;FACE
01H_.PKS;GM2_;01H_;SCNF;MDC7;FACE;CLSG
02A_.PKS;OK4_;02A_;SCNF;MDC7;FACE
02B_.PKS;CF2_;02B_;SCNF;MDC7;FACE
02C_.PKS;JN3_;02C_;SCNF;MDC7;FACE
02D_.PKS;CC3_;02D_;SCNF;MDC7;FACE
02E_.PKS;ST3_;02E_;SCNF;MDC7;FACE
02F_.PKS;BKY_;02F_;SCNF;MDC7;FACE;CLSG
02G_.PKS;GF3_;02G_;SCNF;MDC7;FACE
02H_.PKS;GM3_;02H_;SCNF;MDC7;FACE
03A_.PKS;OK5_;03A_;SCNF;MDC7;FACE
03B_.PKS;CF3_;03B_;SCNF;MDC7;FACE;CLSG
03C_.PKS;JN4_;03C_;SCNF;MDC7;FACE
03D_.PKS;CC4_;03D_;SCNF;MDC7;FACE
03E_.PKS;ST4_;03E_;SCNF;MDC7;FACE
03F_.PKS;VEN_;03F_;SCNF;MDC7;FACE;CLSG
03G_.PKS;GF4_;03G_;SCNF;MDC7;FACE
03H_.PKS;GM4_;03H_;SCNF;MDC7;FACE
04A_.PKS;CM1_;04A_;SCNF;MDC7;FACE
04B_.PKS;CF4_;04B_;SCNF;MDC7;FACE;CLSG
04C_.PKS;JN5_;04C_;SCNF;MDC7;FACE
04D_.PKS;CC5_;04D_;SCNF;MDC7;FACE;CLSG
04E_.PKS;ST5_;04E_;SCNF;MDC7;FACE
04F_.PKS;RRN_;04F_;SCNF;MDC7;FACE;CLSG
04G_.PKS;GF5_;04G_;SCNF;MDC7;FACE
04H_.PKS;GM5_;04H_;SCNF;MDC7;FACE
05A_.PKS;CM2_;05A_;SCNF;MDC7;FACE
05B_.PKS;CF8_;05B_;SCNF;MDC7;FACE;CLSG
05C_.PKS;JN6_;05C_;SCNF;MDC7;FACE
05D_.PKS;CC6_;05D_;SCNF;MDC7;FACE
05E_.PKS;OJ5_;05E_;SCNF;MDC7;FACE
05F_.PKS;WOC_;05F_;SCNF;MDC7;FACE;CLSG
05G_.PKS;GF6_;05G_;SCNF;MDC7;FACE
05H_.PKS;GM6_;05H_;SCNF;MDC7;FACE
06A_.PKS;CM3_;06A_;SCNF;MDC7;FACE
06B_.PKS;CF8_;06B_;SCNF;MDC7;FACE;CLSG
06C_.PKS;JN7_;06C_;SCNF;MDC7;FACE
06D_.PKS;CC7_;06D_;SCNF;MDC7;FACE
06E_.PKS;OJ9_;06E_;SCNF;MDC7;FACE
06F_.PKS;OB7_;06F_;SCNF;MDC7;FACE
06G_.PKS;GF7_;06G_;SCNF;MDC7;FACE
06H_.PKS;BA7_;06H_;SCNF;MDC7;FACE
07A_.PKS;CM4_;07A_;SCNF;MDC7;FACE
07B_.PKS;CF8_;07B_;SCNF;MDC7;FACE;CLSG
07C_.PKS;JN8_;07C_;SCNF;MDC7;FACE
07D_.PKS;CC8_;07D_;SCNF;MDC7;FACE
07E_.PKS;OM2_;07E_;SCNF;MDC7;FACE
07F_.PKS;OB8_;07F_;SCNF;MDC7;FACE
07G_.PKS;GF8_;07G_;SCNF;MDC7;FACE
07H_.PKS;BA8_;07H_;SCNF;MDC7;FACE
08A_.PKS;CM5_;08A_;SCNF;MDC7;FACE
08B_.PKS;CF8_;08B_;SCNF;MDC7;FACE;CLSG
08C_.PKS;JN9_;08C_;SCNF;MDC7;FACE
08D_.PKS;CC9_;08D_;SCNF;MDC7;FACE
08E_.PKS;KD2_;08E_;SCNF;MDC7;FACE;CLSG
08F_.PKS;OB9_;08F_;SCNF;MDC7;FACE
08G_.PKS;JI9_;08G_;SCNF;MDC7;FACE
08H_.PKS;GM9_;08H_;SCNF;MDC7;FACE
09A_.PKS;CM6_;09A_;SCNF;MDC7;FACE;CLSG
09B_.PKS;CF8_;09B_;SCNF;MDC7;FACE;CLSG
09C_.PKS;JNA_;09C_;SCNF;MDC7;FACE
09D_.PKS;CCA_;09D_;SCNF;MDC7;FACE
09E_.PKS;KD8_;09E_;SCNF;MDC7;FACE
09F_.PKS;OBA_;09F_;SCNF;MDC7;FACE
09G_.PKS;GFA_;09G_;SCNF;MDC7;FACE
09H_.PKS;GMA_;09H_;SCNF;MDC7;FACE
10C_.PKS;WO2_;10C_;SCNF;MDC7;FACE
10D_.PKS;KIK_;10D_;SCNF;MDC7;FACE;CLSG
10G_.PKS;JI5_;10G_;SCNF;MDC7;FACE
10H_.PKS;BAA_;10H_;SCNF;MDC7;FACE
11C_.PKS;KOW_;11C_;SCNF;MDC7;FACE
11D_.PKS;WO8_;11D_;SCNF;MDC7;FACE
11G_.PKS;JI7_;11G_;SCNF;MDC7;FACE
11H_.PKS;BS1_;11H_;SCNF;MDC7;FACE
12C_.PKS;TOG_;12C_;SCNF;MDC7;FACE;CLSG
12D_.PKS;PG1_;12D_;SCNF;MDC7;FACE;CLSG
12G_.PKS;JJ1_;12G_;SCNF;MDC7;FACE
12H_.PKS;BS7_;12H_;SCNF;MDC7;FACE
13C_.PKS;OD5_;13C_;SCNF;MDC7;FACE
13D_.PKS;PG2_;13D_;SCNF;MDC7;FACE;CLSG
13G_.PKS;JJ2_;13G_;SCNF;MDC7;FACE
13H_.PKS;BS8_;13H_;SCNF;MDC7;FACE
14C_.PKS;YM1_;14C_;SCNF;MDC7;FACE
14D_.PKS;PG3_;14D_;SCNF;MDC7;FACE;CLSG
14G_.PKS;JJ3_;14G_;SCNF;MDC7;FACE
14H_.PKS;BS9_;14H_;SCNF;MDC7;FACE
15G_.PKS;JJ8_;15G_;SCNF;MDC7;FACE
15H_.PKS;MN1_;15H_;SCNF;MDC7;FACE;CLSG
16G_.PKS;JJ9_;16G_;SCNF;MDC7;FACE
16H_.PKS;BS7_;16H_;SCNF;MDC7;FACE
17G_.PKS;JJA_;17G_;SCNF;MDC7;FACE
17H_.PKS;BS8_;17H_;SCNF;MDC7;FACE
18G_.PKS;JJ9_;18G_;SCNF;MDC7;FACE
18H_.PKS;BS9_;18H_;SCNF;MDC7;FACE
19G_.PKS;JJA_;19G_;SCNF;MDC7;FACE
19H_.PKS;BSA_;19H_;SCNF;MDC7;FACE
AGN_.PKS;AGN_;AGN_;SCNF;MDC7;FACE
AM1_.PKS;AM1_;AM1_;SCNF;MDC7;FACE;CLSG
AM2_.PKS;AM2_;AM2_;SCNF;MDC7;FACE;CLSG
AW2_.PKS;AW2_;AW2_;SCNF;MDC7;FACE
AW6_.PKS;AW6_;AW6_;SCNF;MDC7;FACE
BA1_.PKS;BA1_;BA1_;SCNF;MDC7;FACE
BA2_.PKS;BA2_;BA2_;SCNF;MDC7;FACE
BA3_.PKS;BA3_;BA3_;SCNF;MDC7;FACE
BA4_.PKS;BA4_;BA4_;SCNF;MDC7;FACE
BA5_.PKS;BA5_;BA5_;SCNF;MDC7;FACE
BA6_.PKS;BA6_;BA6_;SCNF;MDC7;FACE
BA7_.PKS;BA7_;BA7_;SCNF;MDC7;FACE
BA8_.PKS;BA8_;BA8_;SCNF;MDC7;FACE
BA9_.PKS;BA9_;BA9_;SCNF;MDC7;FACE
BF1_.PKS;BF1_;BF1_;SCNF;MDC7;FACE
BF4_.PKS;BF4_;BF4_;SCNF;MDC7;FACE
BF6_.PKS;BF6_;BF6_;SCNF;MDC7;FACE;CLSG
BF7_.PKS;BF7_;BF7_;SCNF;MDC7;FACE
BF8_.PKS;BF8_;BF8_;SCNF;MDC7;FACE
BFA_.PKS;BFA_;BFA_;SCNF;MDC7;FACE
BIR_.PKS;BIR_;BIR_;SCNF;MDC7;FACE;CLSG
BNC_.PKS;BNC_;BNC_;SCNF;MDC7;FACE
BP2_.PKS;BP2_;BP2_;SCNF;MDC7;FACE
BP4_.PKS;BP4_;BP4_;SCNF;MDC7;FACE
BP8_.PKS;BP8_;BP8_;SCNF;MDC7;FACE;CLSG
BRT_.PKS;BRT_;BRT_;SCNF;MDC7;FACE;CLSG
BS2_.PKS;BS2_;BS2_;SCNF;MDC7;FACE
BS3_.PKS;BS3_;BS3_;SCNF;MDC7;FACE
BS4_.PKS;BS4_;BS4_;SCNF;MDC7;FACE
BS5_.PKS;BS5_;BS5_;SCNF;MDC7;FACE
BS6_.PKS;BS6_;BS6_;SCNF;MDC7;FACE
BSA_.PKS;BSA_;BSA_;SCNF;MDC7;FACE
C07_.PKS;C07_;C07_;SCNF;MDC7;FACE;CLSG
CAK_.PKS;CAK_;CAK_;SCNF;MDC7;FACE
CHD_.PKS;CHD_;CHD_;SCNF;MDC7;FACE;CLSG
CHL_.PKS;CHL_;CHL_;SCNF;MDC7;FACE
CHX_.PKS;CHX_;CHX_;SCNF;MDC7;FACE;CLSG
CKT_.PKS;CKT_;CKT_;SCNF;MDC7;FACE
CLJ_.PKS;CLJ_;CLJ_;SCNF;MDC7;FACE
CNE_.PKS;CNE_;CNE_;SCNF;MDC7;FACE
COU_.PKS;COU_;COU_;SCNF;MDC7;FACE;CLSG
COW_.PKS;COW_;COW_;SCNF;MDC7;FACE;CLSG
CRY_.PKS;CRY_;CRY_;SCNF;MDC7;FACE
DGY_.PKS;DGY_;AW4_;MDC7;FACE;SCNF
DM1_.PKS;DM1_;DM1_;SCNF;MDC7;FACE;CLSG
DM2_.PKS;DM2_;DM2_;SCNF;MDC7;FACE
DML_.PKS;SF1_;DML_;SCNF;MDC7;FACE
DN1_.PKS;DN1_;DN1_;SCNF;MDC7;FACE;CLSG
DN2_.PKS;DN2_;DN2_;SCNF;MDC7;FACE;CLSG
DN3_.PKS;DN3_;DN3_;SCNF;MDC7;FACE;CLSG
DN4_.PKS;DN4_;DN4_;SCNF;MDC7;FACE;CLSG
DS1_.PKS;DS1_;DS1_;SCNF;MDC7;FACE
DS2_.PKS;DS2_;DS2_;SCNF;MDC7;FACE
DS4_.PKS;DS4_;DS4_;SCNF;MDC7;FACE
DYU_.PKS;DYU_;DYU_;SCNF;MDC7;FACE
EYR_.PKS;EYR_;EYR_;SCNF;MDC7;FACE;CLSG
FD1_.PKS;FD1_;FD1_;SCNF;MDC7;FACE
FRS_.PKS;ONI_;FRS_;SCNF;MDC7;FACE
FUY_.PKS;FUY_;FUY_;SCNF;MDC7;FACE
GAI_.PKS;GAI_;GAI_;SCNF;MDC7;FACE;CLSG
GKI_.PKS;GKI_;GKI_;SCNF;MDC7;FACE;CLSG
GKV_.PKS;GKV_;GKV_;SCNF;MDC7;FACE;CLSG
HGN_.PKS;HGN_;HGN_;SCNF;MDC7;FACE
HKJ_.PKS;HKJ_;HKJ_;SCNF;MDC7;FACE;CLSG
HNG_.PKS;KEN_;HNG_;SCNF;MDC7;FACE
HV7_.PKS;HV7_;HV7_;SCNF;MDC7;FACE;CLSG
HV8_.PKS;HV8_;HV8_;SCNF;MDC7;FACE
ILN_.PKS;ILN_;ILN_;SCNF;MDC7;FACE;CLSG
INC_.PKS;INC_;INC_;SCNF;MDC7;FACE;CLSG
JI1_.PKS;JI1_;JI1_;SCNF;MDC7;FACE
JI2_.PKS;JI2_;JI2_;SCNF;MDC7;FACE
JI3_.PKS;JI3_;JI3_;SCNF;MDC7;FACE
JI4_.PKS;JI4_;JI4_;SCNF;MDC7;FACE
JI6_.PKS;JI6_;JI6_;SCNF;MDC7;FACE
JI8_.PKS;JI8_;JI8_;SCNF;MDC7;FACE
JI9_.PKS;JI9_;JI9_;SCNF;MDC7;FACE
JJ3_.PKS;JJ3_;JJ3_;SCNF;MDC7;FACE
JJ4_.PKS;JJ4_;JJ4_;SCNF;MDC7;FACE
JJ5_.PKS;JJ5_;JJ5_;SCNF;MDC7;FACE
JJ6_.PKS;JJ6_;JJ6_;SCNF;MDC7;FACE
JJ7_.PKS;JJ7_;JJ7_;SCNF;MDC7;FACE
JOP_.PKS;JOP_;JOP_;SCNF;MDC7;FACE;CLSG
JUS_.PKS;JUS_;JUS_;SCNF;MDC7;FACE;CLSG
KAK_.PKS;KAK_;KAK_;SCNF;MDC7;FACE;CLSG
KD1_.PKS;KD1_;KD1_;SCNF;MDC7;FACE
KD3_.PKS;KD3_;KD3_;SCNF;MDC7;FACE;CLSG
KD4_.PKS;KD4_;KD4_;SCNF;MDC7;FACE;CLSG
KD5_.PKS;KD5_;KD5_;SCNF;MDC7;FACE
KD8_.PKS;KD8_;KD8_;SCNF;MDC7;FACE
KEN_.PKS;KEN_;KEN_;SCNF;MDC7;FACE
KKK_.PKS;KKK_;KKK_;SCNF;MDC7;FACE
KKY_.PKS;KKY_;KKY_;SCNF;MDC7;FACE;CLSG
KLN_.PKS;KLN_;KLN_;SCNF;MDC7;FACE;CLSG
KOY_.PKS;KOY_;KOY_;SCNF;MDC7;FACE
KR2_.PKS;KR2_;KR2_;SCNF;MDC7;FACE
KRD_.PKS;KRD_;KRD_;SCNF;MDC7;FACE
KSN_.PKS;KSN_;KSN_;SCNF;MDC7;FACE;CLSG
KT6_.PKS;KT6_;KT6_;SCNF;MDC7;FACE
KU3_.PKS;KU3_;KU3_;SCNF;MDC7;FACE
KU4_.PKS;KU4_;KU4_;SCNF;MDC7;FACE
KUK_.PKS;KUK_;KUK_;SCNF;MDC7;FACE;CLSG
KXY_.PKS;KXY_;KXY_;SCNF;MDC7;FACE;CLSG
KYC_.PKS;KYC_;KYC_;SCNF;MDC7;FACE;CLSG
KYO_.PKS;KYO_;KYO_;SCNF;MDC7;FACE
KYX_.PKS;KYX_;KYX_;SCNF;MDC7;FACE;CLSG
KZM_.PKS;KZM_;KZM_;SCNF;MDC7;FACE;CLSG
LCN_.PKS;LCN_;LCN_;SCNF;MDC7;FACE;CLSG
LLY_.PKS;LLY_;LLY_;SCNF;MDC7;FACE
LWI_.PKS;LWI_;LWI_;SCNF;MDC7;FACE
MAK_.PKS;MAK_;MAK_;SCNF;MDC7;FACE
MAO_.PKS;MAO_;MAO_;SCNF;MDC7;FACE
MEJ_.PKS;MEJ_;MEJ_;SCNF;MDC7;FACE;CLSG
MFB_.PKS;MFB_;MFB_;SCNF;MDC7;FACE
MFG_.PKS;MFG_;MFG_;SCNF;MDC7;FACE;CLSG
MFM_.PKS;MFM_;MFM_;SCNF;MDC7;FACE
MFO_.PKS;MFO_;MFO_;SCNF;MDC7;FACE;CLSG
MFW_.PKS;MFW_;MFW_;SCNF;MDC7;FACE;CLSG
MHK_.PKS;MHK_;MAK_;MDC7;FACE;SCNF
MM1_.PKS;MM1_;MM1_;SCNF;MDC7;FACE;CLSG
MM2_.PKS;MM2_;MM2_;SCNF;MDC7;FACE;CLSG
MM3_.PKS;MM3_;MM3_;SCNF;MDC7;FACE;CLSG
MM4_.PKS;MM4_;MM4_;SCNF;MDC7;FACE;CLSG
MM5_.PKS;MM5_;MM5_;SCNF;MDC7;FACE;CLSG
MM6_.PKS;MM6_;MM6_;SCNF;MDC7;FACE;CLSG
MM7_.PKS;MM7_;MM7_;SCNF;MDC7;FACE;CLSG
MM8_.PKS;MM8_;MM8_;SCNF;MDC7;FACE;CLSG
MM9_.PKS;MM9_;MM9_;SCNF;MDC7;FACE;CLSG
MMA_.PKS;MMA_;MMA_;SCNF;MDC7;FACE;CLSG
MMB_.PKS;MMB_;MMB_;SCNF;MDC7;FACE;CLSG
MMC_.PKS;MMC_;MMC_;SCNF;MDC7;FACE;CLSG
MMH_.PKS;MMH_;MMH_;SCNF;MDC7;FACE;CLSG
MN1_.PKS;MN1_;MN1_;SCNF;MDC7;FACE;CLSG
MN3_.PKS;MN3_;MN3_;SCNF;MDC7;FACE;CLSG
MSH_.PKS;MSH_;AW6_;MDC7;FACE;SCNF
NOR_.PKS;NOR_;NOR_;SCNF;MDC7;FACE
OB1_.PKS;OB1_;OB1_;SCNF;MDC7;FACE
OB2_.PKS;OB2_;OB2_;SCNF;MDC7;FACE
OB3_.PKS;OB3_;OB3_;SCNF;MDC7;FACE
OB4_.PKS;OB4_;OB4_;SCNF;MDC7;FACE
OB5_.PKS;OB5_;OB5_;SCNF;MDC7;FACE
OB6_.PKS;OB6_;OB6_;SCNF;MDC7;FACE
OB8_.PKS;OB8_;OB8_;SCNF;MDC7;FACE
OB9_.PKS;OB9_;OB9_;SCNF;MDC7;FACE
OD5_.PKS;OD5_;OD5_;SCNF;MDC7;FACE
OHS_.PKS;OHS_;OHS_;SCNF;MDC7;FACE;CLSG
OJ1_.PKS;OJ1_;OJ1_;SCNF;MDC7;FACE
OJ2_.PKS;OJ2_;OJ2_;SCNF;MDC7;FACE
OJ3_.PKS;OJ3_;OJ3_;SCNF;MDC7;FACE
OJ4_.PKS;OJ4_;OJ4_;SCNF;MDC7;FACE
OJ6_.PKS;OJ6_;OJ6_;SCNF;MDC7;FACE
OJ7_.PKS;OJ7_;OJ7_;SCNF;MDC7;FACE
OJ8_.PKS;OJ8_;OJ8_;SCNF;MDC7;FACE
OJA_.PKS;OJA_;OJA_;SCNF;MDC7;FACE
OK2_.PKS;OK2_;OK2_;SCNF;MDC7;FACE
OK7_.PKS;OK7_;OK7_;SCNF;MDC7;FACE
OK8_.PKS;OK8_;OK8_;SCNF;MDC7;FACE
OK9_.PKS;OK9_;OK9_;SCNF;MDC7;FACE
OKA_.PKS;OKA_;OKA_;SCNF;MDC7;FACE
OM2_.PKS;OM2_;OM2_;SCNF;MDC7;FACE
ONI_.PKS;ONI_;ONI_;SCNF;MDC7;FACE
OXK_.PKS;OXK_;OXK_;SCNF;MDC7;FACE;CLSG
PG1_.PKS;PG1_;PG1_;SCNF;MDC7;FACE;CLSG
PG2_.PKS;PG2_;PG2_;SCNF;MDC7;FACE;CLSG
PG3_.PKS;PG3_;PG3_;SCNF;MDC7;FACE;CLSG
PG4_.PKS;PG4_;PG4_;SCNF;MDC7;FACE;CLSG
PG5_.PKS;PG5_;PG5_;SCNF;MDC7;FACE;CLSG
PG6_.PKS;PG6_;PG6_;SCNF;MDC7;FACE;CLSG
PG7_.PKS;PG7_;PG7_;SCNF;MDC7;FACE;CLSG
PG8_.PKS;PG8_;PG8_;SCNF;MDC7;FACE;CLSG
PG9_.PKS;PG9_;PG9_;SCNF;MDC7;FACE;CLSG
PGA_.PKS;PGA_;PGA_;SCNF;MDC7;FACE;CLSG
R01_.PKS;R01_;R01_;SCNF;MDC7;FACE
REH_.PKS;REH_;REH_;SCNF;MDC7;FACE
REN_.PKS;REN_;REN_;SCNF;MDC7;FACE;CLSG
RFK_.PKS;RFK_;RFK_;SCNF;MDC7;FACE
RNP_.PKS;RNP_;RNP_;SCNF;MDC7;FACE
RSY_.PKS;RSY_;RSY_;SCNF;MDC7;FACE;CLSG
RYC_.PKS;RYC_;RYC_;SCNF;MDC7;FACE;CLSG
RYH_.PKS;RYH_;RYH_;SCNF;MDC7;FACE;CLSG
RYW_.PKS;RYW_;RYW_;SCNF;MDC7;FACE;CLSG
SAM_.PKS;SAM_;SAM_;SCNF;MDC7;FACE
SD2_.PKS;SD2_;SD2_;SCNF;MDC7;FACE
SD4_.PKS;SD4_;SD4_;SCNF;MDC7;FACE;CLSG
SDN_.PKS;SDN_;SDN_;SCNF;MDC7;FACE;CLSG
SEH_.PKS;SEH_;SEH_;SCNF;MDC7;FACE;CLSG
SF1_.PKS;SF1_;SF1_;SCNF;MDC7;FACE
SF7_.PKS;SF7_;SF7_;SCNF;MDC7;FACE
SF8_.PKS;SF8_;SF8_;SCNF;MDC7;FACE;CLSG
SHL_.PKS;SHL_;SHL_;SCNF;MDC7;FACE;CLSG
SHR_.PKS;SHR_;SHR_;SCNF;MDC7;FACE;CLSG
SHY_.PKS;SHY_;SHY_;SCNF;MDC7;FACE
SIC_.PKS;SIC_;SIC_;SCNF;MDC7;FACE;CLSG
SIK_.PKS;SIK_;SIK_;SCNF;MDC7;FACE;CLSG
SKN_.PKS;SKN_;SKN_;SCNF;MDC7;FACE;CLSG
SKY_.PKS;SKY_;SKY_;SCNF;MDC7;FACE
SLI_.PKS;SLI_;SLI_;SCNF;MDC7;FACE;CLSG
SRI_.PKS;SRI_;SRI_;SCNF;MDC7;FACE;CLSG
SXY_.PKS;SXY_;SXY_;SCNF;MDC7;FACE;CLSG
SZY_.PKS;SZY_;SZY_;SCNF;MDC7;FACE
TB3_.PKS;TB3_;TB3_;SCNF;MDC7;FACE;CLSG
TB4_.PKS;TB4_;TB4_;SCNF;MDC7;FACE;CLSG
TCA_.PKS;TCA_;TCA_;SCNF;MDC7;FACE;CLSG
TKK_.PKS;TKK_;TKK_;SCNF;MDC7;FACE;CLSG
TKY_.PKS;TKY_;TKY_;SCNF;MDC7;FACE;CLSG
TNJ_.PKS;TNJ_;TNJ_;SCNF;MDC7;FACE
TSY_.PKS;TSY_;TSY_;SCNF;MDC7;FACE;CLSG
USN_.PKS;USN_;USN_;SCNF;MDC7;FACE;CLSG
VNA_.PKS;VNA_;VNA_;SCNF;MDC7;FACE;CLSG
VNC_.PKS;VNC_;VNC_;SCNF;MDC7;FACE
VP5_.PKS;VP5_;BP5_;MDC7;FACE;SCNF
WAM_.PKS;WAM_;WAM_;SCNF;MDC7;FACE;CLSG
WAN_.PKS;WAN_;WAN_;SCNF;MDC7;FACE
WD1_.PKS;WD1_;WD1_;SCNF;MDC7;FACE;CLSG
WO1_.PKS;WO1_;WO1_;SCNF;MDC7;FACE
WO3_.PKS;WO3_;WO3_;SCNF;MDC7;FACE
WO4_.PKS;WO4_;WO4_;SCNF;MDC7;FACE
WO5_.PKS;WO5_;WO5_;SCNF;MDC7;FACE
WO6_.PKS;WO6_;WO6_;SCNF;MDC7;FACE
WO7_.PKS;WO7_;WO7_;SCNF;MDC7;FACE
WO9_.PKS;WO9_;WO9_;SCNF;MDC7;FACE
WOA_.PKS;WOA_;WOA_;SCNF;MDC7;FACE
WTB_.PKS;WTB_;WTB_;SCNF;MDC7;FACE;CLSG
WTE_.PKS;WTE_;WTE_;SCNF;MDC7;FACE;CLSG
YAN_.PKS;YAN_;YAN_;SCNF;MDC7;FACE;CLSG
YKM_.PKS;YKM_;YKM_;SCNF;MDC7;FACE
YRU_.PKS;YRU_;YRU_;SCNF;MDC7;FACE;CLSG
ZKS_.PKS;ZKS_;ZKS_;SCNF;MDC7;FACE
ZNC_.PKS;ZNC_;ZNC_;SCNF;MDC7;FACE;CLSG
ZYC_.PKS;ZYC_;ZYC_;SCNF;MDC7;FACE;CLSG
